ecosystem,group,nameProject,forks,diskUsage_KB,stargazers,watchers,issues,commits,pullRequests,updatedAt,numberofFilesJava,CountDeclFunction,CountDeclInstanceMethod,CountDeclMethod,CountDeclMethodDefault,CountDeclMethodPrivate,CountDeclMethodProtected,CountDeclMethodPublic,CountLine,CountLineBlank,CountLineCode,CountLineCodeDecl,CountLineCodeExe,CountLineComment,SumCyclomatic,SumCyclomaticModified,SumCyclomaticStrict,SumEssential,RelativeMethodPublic,RelativeLineCode,CyclomaticPerMethod,RelativeLineComment,Commit,Contributor,Lifetime,LifetimePerCommit,LifetimePerCont,BC,relativeBC,NBC,relativeNBC,total
Android,TOP,easypermissions,1083,508,6612,245,160,164,98,2018-11-12T13:15:42Z,25,245.0,225.0,245.0,15.0,27.0,5.0,198.0,3226.0,540.0,2281.0,1101.0,993.0,405.0,357.0,324.0,324.0,329.0,0.81,0.71,1.32,0.13,103,20,1054,10.0,52.0,6901,34.9,12875,65.1,19776
Android,TOP,android-testing,2194,11243,5856,446,125,183,91,2018-11-12T16:00:33Z,58,218.0,199.0,220.0,12.0,21.0,31.0,156.0,4735.0,735.0,2341.0,1351.0,871.0,1666.0,3311.0,268.0,264.0,274.0,0.71,0.49,1.2,0.35,96,14,1418,14.0,101.0,96,50.0,96,50.0,192
Android,TOP,android-vision,1475,731,2426,231,357,76,33,2018-11-11T22:45:20Z,48,572.0,560.0,572.0,61.0,84.0,42.0,385.0,12672.0,1526.0,6872.0,2725.0,3603.0,4283.0,2673.0,1118.0,1106.0,1193.0,0.67,0.54,1.93,0.34,37,10,1246,33.0,124.0,37,3.0,1184,97.0,1221
Android,TOP,google-services,2323,8508,2319,249,299,628,89,2018-11-12T03:17:03Z,19,126.0,124.0,126.0,0.0,48.0,18.0,60.0,2606.0,391.0,1574.0,673.0,844.0,645.0,640.0,220.0,208.0,231.0,0.48,0.6,1.65,0.25,335,32,1314,3.0,41.0,6030,35.3,11055,64.7,17085
Android,TOP,android-Camera2Basic,1000,1458,1883,140,106,28,25,2018-11-12T04:03:40Z,4,58.0,55.0,58.0,1.0,18.0,3.0,36.0,1204.0,142.0,748.0,236.0,459.0,315.0,177.0,126.0,119.0,144.0,0.62,0.62,2.05,0.26,28,3,1593,56.0,531.0,0,0.0,84,100.0,84
Android,TOP,android-testing-templates,267,167,1759,137,20,28,13,2018-11-09T11:20:14Z,13,26.0,26.0,26.0,0.0,1.0,1.0,24.0,753.0,113.0,333.0,238.0,82.0,309.0,823.0,27.0,27.0,28.0,0.92,0.44,1.04,0.41,20,6,1190,59.0,198.0,0,0.0,0,0.0,0
Android,TOP,android-play-location,2082,674,1554,174,144,71,34,2018-11-12T17:17:15Z,22,183.0,168.0,185.0,17.0,66.0,19.0,83.0,4129.0,533.0,2214.0,873.0,1234.0,1390.0,1267.0,323.0,311.0,329.0,0.45,0.54,1.68,0.34,53,13,1483,27.0,114.0,3233,72.6,1219,27.4,4452
Android,TOP,android-PictureInPicture,271,8217,1298,57,13,6,1,2018-11-13T06:02:10Z,5,112.0,106.0,112.0,9.0,12.0,13.0,78.0,1545.0,183.0,1109.0,333.0,658.0,255.0,114.0,173.0,168.0,182.0,0.7,0.72,1.5,0.17,6,1,594,99.0,594.0,6,14.3,36,85.7,42
Android,TOP,android-RuntimePermissions,395,589,1203,93,10,16,12,2018-11-13T17:28:54Z,6,33.0,28.0,33.0,0.0,7.0,1.0,25.0,862.0,110.0,437.0,160.0,244.0,320.0,351.0,63.0,60.0,68.0,0.76,0.51,1.82,0.37,16,1,1257,78.0,1257.0,112,87.5,16,12.5,128
Android,TOP,android-FingerprintDialog,433,623,1162,98,45,25,7,2018-11-13T13:06:19Z,4,43.0,45.0,45.0,4.0,8.0,2.0,31.0,791.0,87.0,529.0,192.0,289.0,179.0,91.0,73.0,71.0,74.0,0.69,0.67,1.58,0.23,22,2,1257,57.0,628.0,132,37.5,220,62.5,352
Android,TOP,androidtv-Leanback,385,8076,922,117,86,258,49,2018-11-13T01:13:45Z,38,247.0,238.0,247.0,4.0,40.0,23.0,180.0,4750.0,622.0,3318.0,1502.0,1800.0,859.0,1227.0,370.0,366.0,393.0,0.73,0.7,1.48,0.18,138,17,1600,11.0,94.0,9936,41.9,13800,58.1,23736
Android,TOP,android-Camera2Video,441,6928,876,77,83,27,9,2018-11-13T10:16:03Z,3,50.0,46.0,50.0,0.0,18.0,2.0,30.0,874.0,98.0,612.0,185.0,373.0,164.0,87.0,104.0,102.0,118.0,0.6,0.7,2.04,0.19,27,3,1593,59.0,531.0,0,0.0,54,100.0,54
Android,TOP,android-play-billing,725,3146,851,112,141,65,25,2018-11-12T07:52:51Z,35,270.0,262.0,270.0,46.0,18.0,9.0,197.0,4716.0,552.0,2733.0,1005.0,1538.0,1436.0,1511.0,510.0,506.0,550.0,0.73,0.58,1.87,0.3,28,11,1164,41.0,105.0,392,82.4,84,17.6,476
Android,TOP,android-ScreenCapture,238,334,803,76,16,20,1,2018-11-13T14:04:40Z,10,69.0,51.0,69.0,0.0,6.0,4.0,59.0,1090.0,140.0,531.0,220.0,252.0,419.0,465.0,99.0,94.0,101.0,0.86,0.49,1.36,0.38,20,1,1421,71.0,1421.0,0,0.0,0,0.0,0
Android,TOP,android-instant-apps,239,782,802,63,47,36,11,2018-11-13T02:37:21Z,38,198.0,190.0,198.0,5.0,28.0,35.0,130.0,3375.0,460.0,2096.0,1025.0,943.0,836.0,1568.0,263.0,257.0,273.0,0.66,0.62,1.3,0.25,35,8,537,15.0,67.0,140,36.4,245,63.6,385
Android,TOP,android-BluetoothChat,560,569,776,87,26,25,11,2018-11-13T10:27:47Z,12,95.0,77.0,95.0,0.0,11.0,5.0,79.0,2011.0,255.0,1050.0,368.0,600.0,710.0,529.0,195.0,176.0,196.0,0.83,0.52,1.85,0.35,25,1,1494,59.0,1494.0,0,0.0,0,0.0,0
Android,TOP,android-BluetoothLeGatt,483,313,684,81,44,25,13,2018-11-19T12:33:35Z,4,52.0,50.0,52.0,1.0,8.0,7.0,36.0,938.0,101.0,664.0,236.0,390.0,173.0,90.0,106.0,103.0,115.0,0.69,0.71,1.98,0.18,25,2,1525,61.0,762.0,0,0.0,0,0.0,0
Android,TOP,android-JobScheduler,245,993,646,53,8,26,1,2018-11-14T11:38:03Z,9,63.0,45.0,63.0,1.0,4.0,3.0,55.0,1108.0,141.0,514.0,217.0,258.0,454.0,406.0,91.0,83.0,91.0,0.87,0.46,1.32,0.41,26,3,1593,61.0,531.0,52,50.0,52,50.0,104
Android,TOP,android-EmojiCompat,112,248,604,26,18,5,4,2018-11-12T09:58:26Z,3,13.0,13.0,13.0,1.0,2.0,1.0,9.0,259.0,49.0,143.0,81.0,63.0,67.0,157.0,17.0,17.0,17.0,0.69,0.55,1.31,0.26,5,1,537,107.0,537.0,0,0.0,0,0.0,0
Android,TOP,android-RecyclerView,337,503,561,81,20,25,4,2018-11-14T06:27:44Z,10,65.0,49.0,67.0,0.0,2.0,3.0,62.0,1084.0,144.0,483.0,200.0,232.0,457.0,513.0,90.0,84.0,90.0,0.93,0.45,1.25,0.42,25,1,1494,59.0,1494.0,25,25.0,75,75.0,100
Android,TOP,android-play-places,638,288,465,61,68,24,6,2018-11-12T11:55:56Z,45,344.0,269.0,344.0,0.0,29.0,22.0,293.0,5959.0,807.0,2872.0,1106.0,1531.0,2285.0,2230.0,544.0,507.0,556.0,0.85,0.48,1.47,0.38,18,2,1389,77.0,694.0,162,69.2,72,30.8,234
Android,TOP,android-PdfRendererBasic,142,804,464,47,23,25,3,2018-11-12T02:38:38Z,3,24.0,24.0,24.0,0.0,6.0,2.0,16.0,441.0,50.0,255.0,108.0,124.0,136.0,147.0,39.0,38.0,39.0,0.67,0.58,1.58,0.31,25,2,1533,61.0,766.0,50,66.7,25,33.3,75
Android,TOP,android-unsplash,70,176,439,23,7,34,4,2018-10-31T05:56:40Z,16,117.0,111.0,117.0,1.0,19.0,10.0,87.0,1755.0,230.0,1159.0,537.0,566.0,370.0,472.0,168.0,162.0,174.0,0.74,0.66,1.38,0.21,30,5,915,30.0,183.0,120,21.1,450,78.9,570
Android,TOP,android-nearby,292,483,415,71,55,37,14,2018-11-12T04:08:00Z,15,278.0,266.0,284.0,5.0,72.0,98.0,109.0,3673.0,474.0,2549.0,870.0,1422.0,662.0,466.0,436.0,415.0,462.0,0.38,0.69,1.46,0.18,22,7,1346,61.0,192.0,286,40.6,418,59.4,704
Android,TOP,android-MultiWindowPlayground,156,351,408,73,4,9,2,2018-11-01T11:55:32Z,14,72.0,54.0,72.0,0.0,1.0,16.0,55.0,1205.0,175.0,499.0,216.0,217.0,531.0,763.0,89.0,84.0,89.0,0.76,0.41,1.17,0.44,9,1,971,107.0,971.0,9,50.0,9,50.0,18
Android,TOP,leanback-showcase,162,87624,408,50,39,40,27,2018-11-10T06:48:25Z,154,916.0,888.0,918.0,102.0,109.0,58.0,649.0,14896.0,2107.0,9227.0,4334.0,4266.0,3586.0,5989.0,1374.0,1327.0,1439.0,0.71,0.62,1.45,0.24,32,10,907,28.0,90.0,2816,50.0,2816,50.0,5632
Android,TOP,android-XYZTouristAttractions,173,26398,373,55,8,24,3,2018-11-09T04:48:32Z,18,128.0,102.0,128.0,8.0,22.0,8.0,90.0,2767.0,377.0,1816.0,860.0,1010.0,587.0,680.0,242.0,236.0,268.0,0.7,0.66,1.84,0.21,24,1,1316,54.0,1316.0,48,28.6,120,71.4,168
Android,TOP,android-AutofillFramework,202,104313,357,67,17,28,0,2018-11-08T20:15:55Z,348,705.0,589.0,654.0,48.0,122.0,66.0,418.0,248500.0,1464.0,182466.0,174912.0,172836.0,64575.0,4349.0,1303.0,1256.0,1401.0,0.64,0.73,1.92,0.26,27,3,594,22.0,198.0,95,47.7,104,52.3,199
Android,TOP,android-OurStreets,46,162,352,29,3,7,0,2018-11-11T13:42:43Z,26,192.0,177.0,192.0,6.0,37.0,8.0,141.0,2708.0,336.0,1699.0,789.0,773.0,675.0,1204.0,252.0,252.0,258.0,0.73,0.63,1.31,0.25,7,1,928,132.0,928.0,0,0.0,0,0.0,0
Android,TOP,android-custom-lint-rules,65,176,337,22,10,16,6,2018-11-12T08:51:32Z,7,20.0,20.0,20.0,0.0,1.0,4.0,15.0,541.0,48.0,310.0,121.0,162.0,187.0,394.0,34.0,34.0,40.0,0.75,0.57,1.7,0.35,13,5,1215,93.0,243.0,13,33.3,26,66.7,39
Android,TOP,android-MediaBrowserService,140,12899,332,45,7,26,1,2018-11-05T23:22:37Z,9,115.0,107.0,115.0,2.0,23.0,12.0,78.0,1681.0,238.0,1151.0,436.0,583.0,293.0,203.0,183.0,174.0,192.0,0.68,0.68,1.51,0.17,26,1,1448,55.0,1448.0,754,49.2,780,50.8,1534
Android,TOP,android-fit,336,501,330,61,35,54,7,2018-11-12T07:06:24Z,31,280.0,187.0,280.0,0.0,46.0,11.0,223.0,4575.0,483.0,2169.0,765.0,1196.0,1926.0,1164.0,406.0,381.0,408.0,0.8,0.47,1.36,0.42,38,7,1558,41.0,222.0,1748,61.3,1102,38.7,2850
Android,TOP,android-ActivitySceneTransitionBasic,107,9151,317,30,8,25,3,2018-11-13T08:00:20Z,11,74.0,55.0,74.0,1.0,5.0,3.0,65.0,1161.0,162.0,499.0,199.0,238.0,502.0,567.0,95.0,90.0,98.0,0.88,0.43,1.22,0.43,25,1,1480,59.0,1480.0,0,0.0,0,0.0,0
Android,TOP,android-play-publisher-api,181,28,314,53,41,11,7,2018-11-12T16:50:06Z,12,22.0,2.0,22.0,0.0,10.0,4.0,8.0,1407.0,193.0,771.0,457.0,459.0,453.0,475.0,38.0,38.0,42.0,0.36,0.55,1.73,0.32,8,4,1573,196.0,393.0,0,0.0,0,0.0,0
Android,TOP,android-Camera2Raw,130,1368,288,39,16,17,6,2018-11-12T07:00:08Z,4,88.0,79.0,88.0,0.0,30.0,3.0,55.0,2022.0,245.0,1159.0,351.0,710.0,621.0,206.0,199.0,196.0,226.0,0.63,0.57,2.23,0.31,17,1,1257,73.0,1257.0,0,0.0,17,100.0,17
Android,TOP,androidtv-sample-inputs,140,23988,277,59,27,195,5,2018-11-10T09:56:54Z,48,702.0,657.0,702.0,45.0,74.0,5.0,578.0,12085.0,1170.0,7999.0,2991.0,4471.0,2965.0,1874.0,1335.0,1327.0,1442.0,0.82,0.66,1.89,0.25,157,17,1445,9.0,85.0,16328,42.4,22137,57.6,38465
Android,TOP,android-DownloadableFonts,76,401,275,36,14,5,1,2018-11-07T09:57:14Z,3,30.0,30.0,30.0,7.0,7.0,1.0,15.0,412.0,54.0,290.0,100.0,180.0,70.0,92.0,44.0,44.0,50.0,0.5,0.7,1.47,0.17,5,2,537,107.0,268.0,0,0.0,0,0.0,0
Android,TOP,android-WatchFace,151,2924,274,54,14,31,7,2018-11-04T02:29:09Z,17,234.0,222.0,236.0,9.0,57.0,10.0,160.0,4926.0,809.0,3186.0,1275.0,1846.0,1025.0,729.0,447.0,431.0,465.0,0.68,0.65,1.83,0.21,31,1,1426,46.0,1426.0,0,0.0,0,0.0,0
Android,TOP,android-NotificationChannels,142,986,273,35,12,5,9,2018-11-10T15:32:48Z,2,14.0,14.0,14.0,0.0,5.0,1.0,8.0,300.0,32.0,168.0,59.0,100.0,100.0,50.0,29.0,20.0,29.0,0.57,0.56,1.43,0.33,5,1,594,118.0,594.0,0,0.0,0,0.0,0
Android,TOP,android-NavigationDrawer,165,546,263,48,6,26,6,2018-11-08T03:16:24Z,10,75.0,56.0,75.0,0.0,4.0,4.0,67.0,1155.0,145.0,537.0,230.0,243.0,480.0,454.0,93.0,88.0,93.0,0.89,0.46,1.17,0.42,26,3,1593,61.0,531.0,0,0.0,0,0.0,0
Android,TOP,android-DisplayingBitmaps,114,1056,259,44,7,25,3,2018-11-12T05:27:27Z,21,275.0,219.0,277.0,2.0,43.0,34.0,198.0,5452.0,567.0,2945.0,952.0,1650.0,2151.0,962.0,571.0,560.0,621.0,0.71,0.54,2.02,0.39,25,1,1525,61.0,1525.0,0,0.0,50,100.0,50
Android,TOP,android-SwipeRefreshMultipleViews,83,135,252,36,1,24,1,2018-11-07T16:07:33Z,14,109.0,86.0,109.0,10.0,9.0,9.0,81.0,2025.0,280.0,1033.0,495.0,580.0,713.0,636.0,163.0,157.0,175.0,0.74,0.51,1.44,0.35,24,1,1525,63.0,1525.0,0,0.0,0,0.0,0
Android,TOP,android-CardView,188,125,248,42,6,26,2,2018-11-14T03:59:46Z,3,19.0,18.0,19.0,0.0,0.0,2.0,17.0,227.0,28.0,123.0,43.0,61.0,76.0,123.0,20.0,20.0,20.0,0.89,0.54,1.05,0.33,26,1,1494,57.0,1494.0,0,0.0,0,0.0,0
Android,TOP,android-MediaRecorder,159,982,243,37,16,27,5,2018-11-11T13:27:01Z,3,29.0,22.0,29.0,2.0,8.0,4.0,15.0,811.0,113.0,414.0,142.0,239.0,287.0,207.0,69.0,68.0,73.0,0.52,0.51,2.34,0.35,26,2,1525,58.0,762.0,52,66.7,26,33.3,78
Android,TOP,android-testdpc,134,6879,222,69,66,844,6,2018-11-08T03:05:23Z,126,1295.0,1131.0,1240.0,29.0,363.0,150.0,698.0,22628.0,2441.0,16987.0,6910.0,9771.0,3239.0,3293.0,2710.0,2380.0,2881.0,0.56,0.75,1.92,0.14,61,7,1270,20.0,181.0,6283,33.3,12566,66.7,18849
Android,TOP,android-AppUsageStatistics,78,807,220,39,9,21,3,2018-11-13T01:58:20Z,6,32.0,32.0,34.0,3.0,0.0,3.0,28.0,559.0,71.0,305.0,149.0,130.0,184.0,205.0,42.0,42.0,42.0,0.82,0.55,1.24,0.33,21,1,1421,67.0,1421.0,0,0.0,0,0.0,0
Android,TOP,android-ActiveNotifications,95,559,212,39,7,17,4,2018-11-14T03:59:34Z,10,65.0,47.0,65.0,0.0,4.0,7.0,54.0,1086.0,141.0,495.0,214.0,242.0,450.0,472.0,89.0,84.0,89.0,0.83,0.46,1.29,0.41,17,1,1257,73.0,1257.0,0,0.0,34,100.0,34
Android,TOP,android-MessagingService,141,399,204,46,4,29,2,2018-11-06T13:36:44Z,7,38.0,31.0,38.0,1.0,10.0,1.0,26.0,683.0,94.0,439.0,201.0,225.0,150.0,271.0,61.0,61.0,61.0,0.68,0.64,1.61,0.22,28,2,1448,51.0,724.0,56,100.0,0,0.0,56
Android,TOP,android-BasicSyncAdapter,109,474,203,24,7,26,5,2018-11-12T09:13:33Z,17,118.0,97.0,118.0,1.0,12.0,2.0,103.0,2681.0,258.0,1241.0,534.0,671.0,1209.0,734.0,195.0,181.0,203.0,0.87,0.46,1.53,0.45,25,2,1525,61.0,762.0,0,0.0,0,0.0,0
Android,TOP,android-BluetoothAdvertisements,106,216,197,25,11,17,1,2018-11-04T20:26:39Z,6,50.0,48.0,50.0,1.0,16.0,2.0,31.0,987.0,173.0,553.0,225.0,296.0,261.0,273.0,84.0,79.0,84.0,0.62,0.56,1.58,0.26,17,1,1264,74.0,1264.0,51,60.0,34,40.0,85
Android,TOP,android-ConfirmCredential,61,384,197,28,3,16,3,2018-11-13T08:23:42Z,1,8.0,8.0,8.0,0.0,5.0,2.0,1.0,204.0,20.0,135.0,55.0,79.0,49.0,36.0,17.0,17.0,17.0,0.13,0.66,2.13,0.24,15,2,1257,83.0,628.0,0,0.0,0,0.0,0
Android,TOP,android-AsymmetricFingerprintDialog,75,7084,196,36,7,20,4,2018-11-13T06:35:10Z,9,69.0,71.0,71.0,5.0,8.0,2.0,56.0,1152.0,140.0,716.0,302.0,334.0,298.0,291.0,107.0,105.0,111.0,0.79,0.62,1.48,0.26,16,2,1124,70.0,562.0,32,66.7,16,33.3,48
Android,TOP,android-SlidingTabsBasic,91,126,191,35,4,26,3,2018-11-11T14:42:19Z,12,93.0,73.0,93.0,10.0,5.0,7.0,71.0,1569.0,229.0,734.0,318.0,355.0,606.0,544.0,133.0,128.0,140.0,0.76,0.47,1.38,0.39,25,2,1525,61.0,762.0,0,0.0,0,0.0,0
Android,TOP,android-FloatingActionButtonBasic,68,479,186,24,4,25,0,2018-11-14T07:35:06Z,11,69.0,51.0,69.0,1.0,1.0,6.0,61.0,1116.0,152.0,478.0,205.0,216.0,486.0,554.0,93.0,87.0,93.0,0.88,0.43,1.26,0.44,25,2,1533,61.0,766.0,50,66.7,25,33.3,75
Android,TOP,android-RevealEffectBasic,47,404,171,22,1,24,0,2018-10-22T03:20:21Z,10,58.0,40.0,58.0,0.0,1.0,4.0,53.0,958.0,122.0,408.0,175.0,191.0,428.0,458.0,76.0,71.0,76.0,0.91,0.43,1.22,0.45,24,2,1533,63.0,766.0,0,0.0,24,100.0,24
Android,TOP,android-ads,185,918,167,33,6,35,3,2018-11-05T18:36:34Z,25,222.0,222.0,222.0,3.0,44.0,13.0,162.0,3690.0,538.0,2435.0,906.0,1361.0,723.0,892.0,351.0,333.0,364.0,0.73,0.66,1.5,0.2,33,8,1308,39.0,163.0,231,70.0,99,30.0,330
Android,TOP,android-SwipeRefreshListFragment,85,886,163,32,1,24,1,2018-11-09T02:29:39Z,14,109.0,86.0,109.0,10.0,8.0,9.0,82.0,2033.0,282.0,1024.0,496.0,577.0,728.0,671.0,160.0,152.0,169.0,0.75,0.5,1.39,0.36,24,1,1525,63.0,1525.0,0,0.0,0,0.0,0
Android,TOP,android-TextLinkify,51,523,162,19,4,24,0,2018-11-08T06:44:14Z,8,47.0,29.0,47.0,0.0,1.0,2.0,44.0,859.0,102.0,310.0,124.0,149.0,448.0,355.0,61.0,56.0,61.0,0.94,0.36,1.19,0.52,24,1,1525,63.0,1525.0,0,0.0,0,0.0,0
Android,TOP,android-AppShortcuts,112,830,160,29,12,7,6,2018-11-13T00:39:29Z,4,43.0,38.0,39.0,0.0,11.0,5.0,23.0,558.0,93.0,375.0,148.0,195.0,95.0,63.0,69.0,68.0,72.0,0.59,0.67,1.74,0.17,7,1,747,106.0,747.0,0,0.0,0,0.0,0
Android,TOP,android-DirectBoot,68,2313,158,40,6,15,4,2018-10-12T07:22:38Z,9,57.0,52.0,57.0,1.0,0.0,2.0,54.0,984.0,127.0,616.0,307.0,301.0,241.0,366.0,73.0,73.0,77.0,0.95,0.63,1.28,0.24,13,2,971,74.0,485.0,39,50.0,39,50.0,78
Android,TOP,android-play-games-in-motion,42,2223,155,25,2,6,0,2018-10-15T10:45:17Z,31,376.0,345.0,380.0,2.0,74.0,8.0,296.0,5898.0,835.0,3588.0,1343.0,2044.0,1731.0,1321.0,583.0,572.0,610.0,0.78,0.61,1.51,0.29,6,2,1304,217.0,652.0,0,0.0,0,0.0,0
Android,TOP,android-credentials,89,495,154,28,16,25,12,2018-10-19T17:44:31Z,17,183.0,174.0,183.0,6.0,45.0,27.0,105.0,2464.0,344.0,1871.0,739.0,1004.0,252.0,270.0,301.0,290.0,314.0,0.57,0.76,1.58,0.1,21,4,1257,59.0,314.0,210,76.9,63,23.1,273
Android,TOP,android-SlidingTabsColors,64,273,144,31,2,24,0,2018-10-26T00:27:13Z,13,103.0,82.0,103.0,16.0,5.0,7.0,75.0,1746.0,259.0,825.0,352.0,408.0,674.0,530.0,144.0,139.0,151.0,0.73,0.47,1.35,0.39,24,1,1525,63.0,1525.0,0,0.0,0,0.0,0
Android,TOP,android-TextSwitcher,60,265,140,24,0,24,0,2018-10-22T03:17:52Z,7,46.0,28.0,46.0,0.0,1.0,1.0,44.0,768.0,93.0,301.0,120.0,149.0,374.0,343.0,60.0,55.0,60.0,0.96,0.39,1.2,0.49,24,1,1525,63.0,1525.0,0,0.0,0,0.0,0
Android,TOP,android-BasicAndroidKeyStore,43,615,130,20,3,25,0,2018-11-12T07:21:15Z,11,59.0,41.0,59.0,0.0,1.0,4.0,54.0,1259.0,167.0,554.0,223.0,299.0,538.0,480.0,102.0,95.0,102.0,0.92,0.44,1.61,0.43,25,1,1525,61.0,1525.0,0,0.0,0,0.0,0
Android,TOP,android-SpeedTracker,86,228,122,33,5,32,4,2018-10-31T21:33:14Z,12,78.0,79.0,80.0,2.0,9.0,9.0,60.0,1511.0,241.0,907.0,403.0,461.0,374.0,543.0,125.0,125.0,135.0,0.75,0.6,1.56,0.25,31,2,1474,47.0,737.0,217,58.3,155,41.7,372
Android,TOP,android-NetworkConnect,114,260,121,35,6,25,1,2018-11-02T12:15:41Z,4,31.0,30.0,31.0,4.0,3.0,7.0,17.0,536.0,56.0,298.0,124.0,146.0,183.0,181.0,54.0,49.0,62.0,0.55,0.56,1.58,0.34,25,1,1525,61.0,1525.0,25,20.0,100,80.0,125
Android,TOP,android-SimpleMediaPlayer,61,6551,117,17,0,3,0,2018-11-13T15:59:10Z,4,49.0,48.0,49.0,13.0,8.0,3.0,25.0,522.0,69.0,364.0,114.0,194.0,89.0,137.0,71.0,67.0,76.0,0.51,0.7,1.37,0.17,3,1,445,148.0,445.0,0,0.0,0,0.0,0
Android,TOP,android-play-safetynet,50,397,113,13,9,20,5,2018-11-14T10:49:09Z,12,76.0,49.0,76.0,0.0,11.0,3.0,62.0,1459.0,189.0,684.0,273.0,347.0,587.0,644.0,116.0,110.0,118.0,0.82,0.47,1.45,0.4,17,4,810,47.0,202.0,34,50.0,34,50.0,68
Android,TOP,android-ActionBarCompat-ShareActionProvider,150,1587,111,45,3,19,2,2018-10-20T01:39:58Z,4,25.0,24.0,25.0,1.0,1.0,2.0,21.0,461.0,75.0,219.0,96.0,105.0,168.0,197.0,34.0,32.0,34.0,0.84,0.48,1.28,0.36,19,1,1525,80.0,1525.0,0,0.0,0,0.0,0
Android,TOP,android-BatchStepSensor,46,1056,111,20,1,25,1,2018-11-10T06:59:52Z,20,194.0,176.0,194.0,0.0,30.0,10.0,154.0,3526.0,494.0,1879.0,650.0,1130.0,1159.0,996.0,354.0,324.0,369.0,0.79,0.53,1.67,0.33,25,1,1525,61.0,1525.0,0,0.0,0,0.0,0
Android,TOP,android-NfcProvisioning,53,287,109,34,3,19,0,2018-10-23T10:57:08Z,13,82.0,61.0,82.0,1.0,8.0,7.0,66.0,1443.0,170.0,756.0,308.0,375.0,520.0,614.0,141.0,130.0,144.0,0.8,0.52,1.59,0.36,19,1,1316,69.0,1316.0,19,100.0,0,0.0,19
Android,TOP,android-ScopedDirectoryAccess,56,334,109,33,2,13,2,2018-10-09T02:13:41Z,4,25.0,24.0,25.0,0.0,2.0,2.0,21.0,422.0,53.0,304.0,131.0,166.0,65.0,92.0,46.0,37.0,49.0,0.84,0.72,1.48,0.15,12,2,971,80.0,485.0,36,100.0,0,0.0,36
Android,TOP,android-DeviceOwner,51,229,108,33,5,18,0,2018-10-27T08:38:49Z,4,25.0,18.0,25.0,0.0,10.0,1.0,14.0,490.0,55.0,282.0,125.0,140.0,155.0,152.0,41.0,40.0,41.0,0.56,0.58,1.6,0.32,18,1,1316,73.0,1316.0,18,50.0,18,50.0,36
Android,TOP,android-CustomNotifications,73,531,104,23,1,24,1,2018-10-27T17:18:04Z,1,3.0,3.0,3.0,0.0,1.0,1.0,1.0,125.0,16.0,47.0,29.0,23.0,62.0,32.0,4.0,4.0,4.0,0.33,0.38,1.33,0.5,24,1,1525,63.0,1525.0,0,0.0,0,0.0,0
Android,TOP,android-BasicManagedProfile,68,554,102,37,4,25,4,2018-10-15T10:19:50Z,5,31.0,28.0,31.0,0.0,12.0,2.0,17.0,682.0,60.0,439.0,166.0,242.0,186.0,269.0,68.0,62.0,72.0,0.55,0.64,2.0,0.27,25,3,1593,63.0,531.0,25,33.3,50,66.7,75
Android,TOP,android-CardEmulation,58,627,101,23,5,24,0,2018-11-13T15:35:35Z,12,74.0,50.0,74.0,0.0,1.0,4.0,69.0,1296.0,151.0,562.0,256.0,280.0,588.0,645.0,104.0,99.0,104.0,0.93,0.43,1.34,0.45,24,1,1525,63.0,1525.0,0,0.0,0,0.0,0
Android,TOP,android-BasicAccessibility,50,362,100,30,5,25,5,2018-11-11T07:34:57Z,9,54.0,36.0,54.0,0.0,3.0,4.0,47.0,997.0,112.0,376.0,156.0,183.0,510.0,406.0,71.0,66.0,72.0,0.87,0.38,1.22,0.51,25,2,1525,61.0,762.0,0,0.0,0,0.0,0
Android,TOP,android-ElevationDrag,33,343,98,18,2,25,1,2018-08-16T05:03:51Z,11,77.0,59.0,77.0,0.0,1.0,4.0,72.0,1185.0,166.0,537.0,211.0,262.0,482.0,552.0,100.0,95.0,101.0,0.94,0.45,1.23,0.41,25,3,1593,63.0,531.0,0,0.0,25,100.0,25
Android,TOP,android-HdrViewfinder,41,947,97,24,5,24,0,2018-10-17T13:46:26Z,5,67.0,65.0,67.0,4.0,9.0,4.0,50.0,1328.0,190.0,836.0,306.0,502.0,306.0,214.0,129.0,127.0,143.0,0.75,0.63,1.9,0.23,24,1,1480,61.0,1480.0,72,75.0,24,25.0,96
Android,TOP,android-SynchronizedNotifications,63,449,97,32,0,28,0,2018-08-14T17:17:45Z,13,80.0,62.0,80.0,0.0,9.0,4.0,67.0,1355.0,162.0,664.0,300.0,304.0,533.0,620.0,122.0,115.0,122.0,0.84,0.49,1.44,0.39,28,1,1494,53.0,1494.0,0,0.0,0,0.0,0
Android,TOP,android-RepeatingAlarm,79,116,96,17,1,24,0,2018-11-08T00:21:31Z,9,51.0,33.0,51.0,0.0,1.0,3.0,47.0,894.0,117.0,355.0,156.0,168.0,422.0,432.0,67.0,62.0,67.0,0.92,0.4,1.22,0.47,24,1,1525,63.0,1525.0,0,0.0,0,0.0,0
Android,TOP,android-MediaEffects,56,1399,92,20,2,24,1,2018-11-12T06:52:13Z,11,75.0,53.0,75.0,0.0,7.0,3.0,65.0,1363.0,191.0,728.0,253.0,418.0,444.0,444.0,132.0,104.0,133.0,0.87,0.53,1.39,0.33,24,1,1494,62.0,1494.0,0,0.0,0,0.0,0
Android,TOP,android-DirectShare,41,383,90,15,5,12,0,2018-08-14T17:19:05Z,6,22.0,20.0,22.0,0.0,5.0,4.0,13.0,508.0,56.0,252.0,111.0,133.0,200.0,324.0,34.0,34.0,35.0,0.59,0.5,1.55,0.39,12,1,1158,96.0,1158.0,0,0.0,0,0.0,0
Android,TOP,android-CustomTransition,38,252,89,21,0,24,1,2018-11-13T07:01:49Z,10,61.0,43.0,61.0,0.0,2.0,3.0,56.0,1040.0,129.0,457.0,203.0,210.0,454.0,515.0,85.0,80.0,87.0,0.92,0.44,1.31,0.44,24,1,1525,63.0,1525.0,0,0.0,0,0.0,0
Android,TOP,android-Geofencing,95,990,88,32,9,28,2,2018-11-08T10:51:26Z,8,41.0,43.0,43.0,0.0,9.0,3.0,31.0,933.0,113.0,545.0,277.0,271.0,277.0,419.0,66.0,66.0,70.0,0.72,0.58,1.53,0.3,28,1,1474,52.0,1474.0,84,75.0,28,25.0,112
Android,TOP,android-Interpolator,37,283,88,24,4,23,2,2018-11-09T18:29:01Z,10,72.0,54.0,72.0,0.0,5.0,4.0,63.0,1222.0,163.0,524.0,223.0,256.0,535.0,552.0,94.0,89.0,94.0,0.88,0.43,1.24,0.44,23,1,1480,64.0,1480.0,0,0.0,46,100.0,46
Android,BOTTOM,android-BasicNotifications,71,364,86,25,4,24,4,2018-11-05T13:11:50Z,2,5.0,5.0,5.0,0.0,0.0,1.0,4.0,158.0,24.0,50.0,29.0,21.0,85.0,143.0,5.0,5.0,5.0,0.8,0.32,1.0,0.54,24,1,1525,63.0,1525.0,0,0.0,0,0.0,0
Android,BOTTOM,android-BasicMediaDecoder,51,7126,83,20,6,25,0,2018-11-11T13:15:43Z,3,26.0,19.0,26.0,2.0,4.0,1.0,19.0,757.0,108.0,382.0,136.0,220.0,268.0,205.0,67.0,66.0,73.0,0.73,0.5,2.54,0.35,25,2,1525,61.0,762.0,50,66.7,25,33.3,75
Android,BOTTOM,android-StorageProvider,46,653,82,20,5,26,1,2018-10-11T08:47:02Z,10,80.0,58.0,80.0,0.0,16.0,3.0,61.0,1524.0,209.0,735.0,297.0,402.0,582.0,512.0,134.0,129.0,136.0,0.76,0.48,1.61,0.38,26,1,1525,58.0,1525.0,0,0.0,0,0.0,0
Android,BOTTOM,android-AccelerometerPlay,53,3313,80,23,1,1,1,2018-11-03T12:52:47Z,1,22.0,22.0,22.0,1.0,1.0,4.0,16.0,429.0,52.0,264.0,122.0,146.0,114.0,43.0,39.0,36.0,40.0,0.73,0.62,1.64,0.27,1,1,799,799.0,799.0,0,0.0,0,0.0,0
Android,BOTTOM,android-BasicNetworking,70,361,80,30,0,24,0,2018-11-09T18:29:16Z,9,56.0,38.0,56.0,0.0,2.0,2.0,52.0,969.0,124.0,391.0,161.0,185.0,454.0,448.0,79.0,73.0,80.0,0.93,0.4,1.3,0.47,24,1,1525,63.0,1525.0,0,0.0,0,0.0,0
Android,BOTTOM,android-ClippingBasic,25,448,80,20,0,25,1,2018-11-14T03:57:16Z,10,62.0,44.0,62.0,0.0,2.0,4.0,56.0,1039.0,145.0,446.0,186.0,213.0,448.0,437.0,81.0,76.0,81.0,0.9,0.43,1.23,0.43,25,3,1593,63.0,531.0,0,0.0,0,0.0,0
Android,BOTTOM,android-CardReader,60,615,77,26,1,24,1,2018-10-22T03:25:30Z,11,71.0,50.0,71.0,0.0,3.0,4.0,64.0,1194.0,148.0,521.0,230.0,250.0,525.0,443.0,98.0,93.0,98.0,0.9,0.44,1.31,0.44,24,1,1525,63.0,1525.0,0,0.0,0,0.0,0
Android,BOTTOM,android-SwipeRefreshLayoutBasic,55,137,76,21,0,24,0,2018-10-31T09:14:38Z,13,101.0,79.0,101.0,10.0,7.0,9.0,75.0,1868.0,263.0,957.0,474.0,540.0,649.0,649.0,147.0,142.0,154.0,0.74,0.51,1.41,0.35,24,1,1525,63.0,1525.0,0,0.0,0,0.0,0
Android,BOTTOM,android-BasicTransition,39,308,75,14,1,24,1,2018-11-07T01:14:02Z,11,87.0,66.0,87.0,10.0,5.0,6.0,66.0,1469.0,215.0,721.0,303.0,361.0,533.0,517.0,131.0,123.0,138.0,0.76,0.49,1.41,0.36,24,1,1525,63.0,1525.0,0,0.0,0,0.0,0
Android,BOTTOM,android-Timer,58,357,75,31,0,27,0,2018-10-03T19:51:43Z,6,32.0,30.0,32.0,0.0,12.0,2.0,18.0,617.0,97.0,360.0,176.0,187.0,160.0,229.0,55.0,55.0,62.0,0.56,0.58,1.72,0.26,27,1,1474,54.0,1474.0,162,100.0,0,0.0,162
Android,BOTTOM,android-DirectorySelection,37,535,68,18,7,21,0,2018-11-09T13:00:42Z,7,32.0,31.0,32.0,2.0,0.0,4.0,26.0,597.0,72.0,326.0,143.0,162.0,199.0,321.0,41.0,41.0,42.0,0.81,0.55,1.28,0.33,21,1,1421,67.0,1421.0,0,0.0,0,0.0,0
Android,BOTTOM,android-Notifications,40,675,68,24,5,12,1,2018-11-12T09:31:14Z,23,126.0,108.0,126.0,1.0,38.0,16.0,71.0,4464.0,846.0,2143.0,929.0,1291.0,1477.0,959.0,199.0,193.0,199.0,0.56,0.48,1.53,0.33,12,2,767,63.0,383.0,84,53.8,72,46.2,156
Android,BOTTOM,android-HorizontalPaging,34,248,66,19,0,25,0,2018-09-26T13:35:46Z,2,14.0,14.0,14.0,0.0,0.0,2.0,12.0,276.0,33.0,110.0,54.0,43.0,133.0,87.0,18.0,16.0,18.0,0.86,0.4,1.14,0.48,25,1,1525,61.0,1525.0,0,0.0,0,0.0,0
Android,BOTTOM,android-AutoBackupForApps,29,198,65,11,1,14,2,2018-10-15T10:14:40Z,4,26.0,27.0,28.0,0.0,9.0,2.0,17.0,566.0,74.0,372.0,142.0,223.0,120.0,102.0,62.0,60.0,71.0,0.61,0.66,2.14,0.21,14,1,1257,89.0,1257.0,0,0.0,0,0.0,0
Android,BOTTOM,android-codelab-watchface,32,581,63,12,2,1,1,2018-06-14T09:32:23Z,5,81.0,81.0,81.0,0.0,26.0,0.0,55.0,1538.0,235.0,994.0,390.0,553.0,309.0,157.0,132.0,132.0,145.0,0.68,0.65,1.63,0.2,1,1,1343,1343.0,1343.0,0,0.0,0,0.0,0
Android,BOTTOM,android-MidiSynth,25,199,63,16,1,12,0,2018-08-10T14:06:25Z,25,159.0,154.0,159.0,3.0,15.0,2.0,139.0,2669.0,283.0,1585.0,606.0,842.0,817.0,1097.0,297.0,292.0,304.0,0.87,0.59,1.84,0.31,12,1,1158,96.0,1158.0,0,0.0,0,0.0,0
Android,BOTTOM,android-PermissionRequest,37,838,62,27,2,21,0,2018-09-20T20:36:21Z,13,95.0,74.0,95.0,3.0,10.0,4.0,78.0,1623.0,201.0,828.0,320.0,429.0,596.0,638.0,148.0,139.0,151.0,0.82,0.51,1.46,0.37,21,1,1421,67.0,1421.0,42,33.3,84,66.7,126
Android,BOTTOM,android-ElevationBasic,27,297,59,21,1,25,1,2018-07-13T01:06:29Z,10,58.0,40.0,58.0,0.0,1.0,4.0,53.0,970.0,124.0,416.0,175.0,197.0,430.0,528.0,78.0,72.0,78.0,0.91,0.43,1.24,0.44,25,3,1593,63.0,531.0,0,0.0,0,0.0,0
Android,BOTTOM,android-RenderScriptIntrinsic,24,2858,58,13,1,23,1,2018-10-13T14:48:21Z,3,25.0,25.0,25.0,1.0,7.0,5.0,12.0,527.0,73.0,329.0,131.0,207.0,125.0,144.0,42.0,38.0,42.0,0.48,0.62,1.52,0.24,23,1,1525,66.0,1525.0,0,0.0,0,0.0,0
Android,BOTTOM,android-StorageClient,39,340,58,20,0,24,0,2018-11-08T08:29:46Z,10,65.0,47.0,65.0,0.0,2.0,6.0,57.0,1141.0,143.0,494.0,208.0,239.0,506.0,526.0,91.0,86.0,93.0,0.88,0.43,1.32,0.44,24,1,1525,63.0,1525.0,24,25.0,72,75.0,96
Android,BOTTOM,android-AdvancedImmersiveMode,27,302,56,20,0,24,0,2018-11-14T04:02:15Z,10,62.0,44.0,62.0,0.0,1.0,4.0,57.0,1170.0,148.0,516.0,188.0,280.0,506.0,469.0,90.0,85.0,90.0,0.92,0.44,1.37,0.43,24,1,1525,63.0,1525.0,0,0.0,0,0.0,0
Android,BOTTOM,android-google-accounts,33,314,56,20,1,11,0,2018-10-15T10:27:12Z,4,32.0,32.0,32.0,0.0,3.0,13.0,16.0,757.0,89.0,375.0,130.0,211.0,297.0,242.0,54.0,50.0,56.0,0.5,0.5,1.56,0.39,11,3,1515,137.0,505.0,0,0.0,0,0.0,0
Android,BOTTOM,android-ActionBarCompat-ListPopupMenu,42,303,55,22,0,25,0,2018-11-03T07:25:43Z,4,12.0,12.0,12.0,1.0,1.0,2.0,8.0,391.0,41.0,233.0,180.0,171.0,117.0,172.0,14.0,14.0,14.0,0.67,0.6,1.17,0.3,25,1,1525,61.0,1525.0,0,0.0,0,0.0,0
Android,BOTTOM,android-BasicRenderScript,34,1839,55,17,5,23,1,2018-11-09T04:22:37Z,2,14.0,14.0,14.0,1.0,3.0,5.0,5.0,237.0,38.0,122.0,48.0,61.0,77.0,121.0,20.0,20.0,20.0,0.36,0.51,1.43,0.32,23,1,1525,66.0,1525.0,46,66.7,23,33.3,69
Android,BOTTOM,android-DoneBar,26,498,54,17,0,25,0,2018-10-22T03:23:37Z,4,18.0,18.0,18.0,0.0,2.0,3.0,13.0,320.0,41.0,177.0,76.0,85.0,102.0,224.0,20.0,20.0,20.0,0.72,0.55,1.11,0.32,25,1,1525,61.0,1525.0,0,0.0,0,0.0,0
Android,BOTTOM,android-BasicGestureDetect,67,305,53,14,0,24,0,2018-10-22T03:26:59Z,11,68.0,48.0,68.0,0.0,3.0,4.0,61.0,1132.0,159.0,491.0,202.0,233.0,482.0,501.0,95.0,87.0,95.0,0.9,0.43,1.28,0.43,24,1,1525,63.0,1525.0,0,0.0,0,0.0,0
Android,BOTTOM,android-DocumentCentricApps,24,1421,53,20,2,24,0,2018-11-13T12:32:09Z,4,18.0,17.0,18.0,0.0,3.0,5.0,10.0,351.0,51.0,170.0,91.0,77.0,130.0,208.0,20.0,20.0,20.0,0.56,0.48,1.11,0.37,24,1,1480,61.0,1480.0,0,0.0,0,0.0,0
Android,BOTTOM,android-LNotifications,47,566,53,22,3,25,0,2018-10-25T06:09:58Z,4,42.0,45.0,48.0,4.0,9.0,1.0,34.0,760.0,88.0,443.0,213.0,216.0,229.0,218.0,68.0,62.0,70.0,0.71,0.58,1.29,0.3,25,1,1494,59.0,1494.0,0,0.0,75,100.0,75
Android,BOTTOM,android-BeamLargeFiles,29,329,51,20,2,18,0,2018-10-22T08:59:22Z,11,62.0,44.0,62.0,0.0,2.0,4.0,56.0,1113.0,138.0,446.0,200.0,200.0,530.0,555.0,82.0,77.0,82.0,0.9,0.4,1.24,0.48,18,1,1316,73.0,1316.0,0,0.0,0,0.0,0
Android,BOTTOM,android-GridViewPager,38,1357,51,21,1,27,1,2018-11-06T02:47:57Z,3,20.0,20.0,20.0,2.0,1.0,6.0,11.0,289.0,35.0,192.0,92.0,95.0,62.0,97.0,23.0,23.0,24.0,0.55,0.66,1.15,0.21,27,1,1474,54.0,1474.0,27,33.3,54,66.7,81
Android,BOTTOM,android-SkeletonWearableApp,31,179,50,26,2,27,2,2018-08-18T08:25:59Z,2,17.0,16.0,17.0,0.0,2.0,1.0,14.0,244.0,31.0,173.0,92.0,77.0,40.0,46.0,18.0,18.0,19.0,0.82,0.71,1.06,0.16,27,1,1474,54.0,1474.0,0,0.0,0,0.0,0
Android,BOTTOM,android-ActionBarCompat-Basic,41,266,49,23,0,25,0,2018-10-13T03:32:50Z,2,6.0,6.0,6.0,0.0,0.0,2.0,4.0,144.0,22.0,50.0,23.0,19.0,72.0,103.0,9.0,7.0,9.0,0.67,0.35,1.17,0.5,25,1,1525,61.0,1525.0,0,0.0,0,0.0,0
Android,BOTTOM,android-DataLayer,36,1875,49,20,3,33,1,2018-10-01T21:03:24Z,8,74.0,72.0,74.0,3.0,10.0,6.0,55.0,1409.0,233.0,906.0,420.0,421.0,273.0,298.0,127.0,122.0,129.0,0.74,0.64,1.65,0.19,33,1,1474,44.0,1474.0,561,56.7,429,43.3,990
Android,BOTTOM,android-ActionBarCompat-Styled,49,297,48,23,1,24,0,2018-11-09T18:30:19Z,2,8.0,8.0,8.0,0.0,0.0,2.0,6.0,137.0,21.0,49.0,27.0,13.0,67.0,92.0,8.0,8.0,8.0,0.75,0.36,1.0,0.49,24,1,1525,63.0,1525.0,0,0.0,0,0.0,0
Android,BOTTOM,android-CustomChoiceList,45,313,48,19,5,24,1,2018-10-31T21:39:00Z,9,53.0,35.0,53.0,0.0,1.0,1.0,51.0,953.0,98.0,461.0,265.0,276.0,394.0,390.0,70.0,65.0,70.0,0.96,0.48,1.23,0.41,24,1,1525,63.0,1525.0,0,0.0,0,0.0,0
Android,BOTTOM,android-ImmersiveMode,25,119,48,18,3,24,0,2018-11-03T10:32:37Z,11,63.0,45.0,63.0,0.0,1.0,5.0,57.0,1089.0,142.0,450.0,186.0,215.0,497.0,554.0,84.0,79.0,84.0,0.9,0.41,1.25,0.46,24,1,1525,63.0,1525.0,0,0.0,0,0.0,0
Android,BOTTOM,android-Quiz,53,552,47,24,0,28,0,2018-10-10T16:14:35Z,8,56.0,54.0,56.0,0.0,15.0,4.0,37.0,1237.0,130.0,883.0,424.0,503.0,225.0,359.0,105.0,105.0,109.0,0.66,0.71,1.88,0.18,28,1,1474,52.0,1474.0,0,0.0,0,0.0,0
Android,BOTTOM,android-WatchViewStub,32,176,47,22,2,27,0,2018-07-16T12:46:46Z,1,5.0,5.0,5.0,0.0,0.0,0.0,5.0,85.0,10.0,56.0,28.0,22.0,19.0,34.0,7.0,7.0,8.0,1.0,0.66,1.4,0.22,27,1,1474,54.0,1474.0,0,0.0,0,0.0,0
Android,BOTTOM,identity-toolkit-android,39,2360,47,24,16,29,7,2018-10-15T10:24:10Z,3,11.0,8.0,11.0,0.0,6.0,3.0,2.0,273.0,39.0,119.0,50.0,55.0,115.0,65.0,19.0,19.0,19.0,0.18,0.44,1.73,0.42,17,7,1571,92.0,224.0,51,60.0,34,40.0,85
Android,BOTTOM,android-DrawableTinting,19,128,46,16,1,24,0,2018-08-16T05:07:56Z,9,62.0,44.0,62.0,0.0,1.0,3.0,58.0,1142.0,146.0,493.0,199.0,257.0,503.0,467.0,81.0,76.0,81.0,0.94,0.43,1.23,0.44,24,1,1494,62.0,1494.0,0,0.0,0,0.0,0
Android,BOTTOM,android-FindMyPhone,47,269,46,24,2,28,0,2018-10-15T10:03:52Z,4,20.0,19.0,20.0,0.0,3.0,2.0,15.0,456.0,54.0,297.0,127.0,158.0,107.0,149.0,41.0,41.0,42.0,0.75,0.65,2.05,0.23,28,1,1474,52.0,1474.0,56,28.6,140,71.4,196
Android,BOTTOM,android-BorderlessButtons,40,344,45,16,2,24,1,2018-10-31T21:32:16Z,7,54.0,36.0,54.0,0.0,1.0,1.0,52.0,794.0,95.0,345.0,118.0,179.0,355.0,275.0,71.0,66.0,71.0,0.96,0.43,1.22,0.45,24,1,1525,63.0,1525.0,0,0.0,0,0.0,0
Android,BOTTOM,android-gcmnetworkmanager,39,91,45,15,3,7,1,2018-10-25T11:00:15Z,2,16.0,16.0,16.0,0.0,5.0,1.0,10.0,314.0,56.0,201.0,90.0,122.0,60.0,65.0,29.0,25.0,29.0,0.63,0.64,1.56,0.19,6,2,1057,176.0,528.0,0,0.0,0,0.0,0
Android,BOTTOM,android-WearCompanionLibrary,20,452,45,13,5,11,4,2018-06-27T15:56:13Z,20,343.0,329.0,345.0,56.0,40.0,14.0,235.0,5312.0,515.0,2964.0,1097.0,1536.0,1837.0,915.0,539.0,538.0,561.0,0.68,0.56,1.56,0.35,8,2,1098,137.0,549.0,8,25.0,24,75.0,32
Android,BOTTOM,android-play-awareness,19,98,42,11,3,3,0,2018-10-30T08:24:07Z,3,34.0,34.0,34.0,0.0,4.0,4.0,26.0,532.0,67.0,327.0,118.0,192.0,138.0,184.0,46.0,44.0,47.0,0.76,0.61,1.29,0.26,3,2,873,291.0,436.0,0,0.0,3,100.0,3
Android,BOTTOM,android-BasicContactables,28,501,41,16,1,26,1,2018-09-30T12:01:18Z,9,54.0,36.0,54.0,0.0,2.0,3.0,49.0,956.0,123.0,395.0,169.0,193.0,444.0,463.0,78.0,73.0,78.0,0.91,0.41,1.35,0.46,26,1,1525,58.0,1525.0,0,0.0,0,0.0,0
Android,BOTTOM,android-CommitContentSampleIME,21,1065,41,9,13,7,1,2018-11-13T23:11:22Z,1,11.0,10.0,11.0,0.0,4.0,0.0,7.0,286.0,30.0,214.0,77.0,126.0,43.0,20.0,32.0,32.0,35.0,0.64,0.75,2.91,0.15,7,1,747,106.0,747.0,0,0.0,0,0.0,0
Android,BOTTOM,leanback-assistant,19,3482,41,12,0,4,0,2018-11-05T10:36:03Z,18,137.0,127.0,137.0,4.0,18.0,10.0,105.0,2033.0,272.0,1294.0,535.0,653.0,480.0,681.0,166.0,166.0,169.0,0.77,0.64,1.21,0.24,4,1,433,108.0,433.0,0,0.0,0,0.0,0
Android,BOTTOM,android-ActivityInstrumentation,35,119,40,15,0,24,2,2018-11-12T12:44:37Z,8,50.0,32.0,50.0,0.0,1.0,1.0,48.0,896.0,110.0,351.0,140.0,184.0,439.0,381.0,65.0,60.0,65.0,0.96,0.39,1.2,0.49,24,1,1525,63.0,1525.0,0,0.0,0,0.0,0
Android,BOTTOM,android-MediaRouter,22,169,39,18,1,24,0,2018-11-08T09:08:54Z,17,337.0,314.0,337.0,6.0,50.0,15.0,266.0,4329.0,525.0,3086.0,936.0,1813.0,722.0,491.0,596.0,587.0,646.0,0.79,0.71,1.74,0.17,24,1,1525,63.0,1525.0,24,100.0,0,0.0,24
Android,BOTTOM,android-fido,15,389,38,15,0,12,2,2018-10-15T10:38:42Z,5,86.0,83.0,86.0,0.0,28.0,4.0,54.0,1411.0,148.0,1136.0,378.0,742.0,128.0,70.0,177.0,169.0,185.0,0.63,0.81,1.97,0.09,11,4,460,41.0,115.0,11,50.0,11,50.0,22
Android,BOTTOM,android-WearSpeakerSample,31,624,37,23,3,15,0,2018-11-06T18:52:50Z,3,52.0,57.0,58.0,6.0,7.0,11.0,34.0,901.0,116.0,679.0,212.0,413.0,109.0,47.0,112.0,107.0,114.0,0.59,0.75,1.84,0.12,15,1,1083,72.0,1083.0,0,0.0,0,0.0,0
Android,BOTTOM,android-AppRestrictionSchema,22,273,36,20,1,26,0,2018-10-15T10:12:33Z,9,65.0,47.0,65.0,0.0,8.0,3.0,54.0,1081.0,130.0,548.0,216.0,279.0,403.0,397.0,107.0,102.0,115.0,0.83,0.51,1.57,0.37,26,1,1480,56.0,1480.0,0,0.0,52,100.0,52
Android,BOTTOM,android-JumpingJack,21,191,36,21,0,30,0,2018-07-28T04:57:36Z,12,80.0,59.0,80.0,0.0,9.0,5.0,66.0,1234.0,150.0,587.0,238.0,278.0,501.0,570.0,110.0,104.0,112.0,0.83,0.48,1.3,0.41,30,1,1474,49.0,1474.0,30,100.0,0,0.0,30
Android,BOTTOM,android-DragAndDropAcrossApps,15,521,35,10,0,4,0,2018-07-22T04:43:44Z,20,126.0,90.0,126.0,0.0,10.0,13.0,103.0,2258.0,316.0,1038.0,427.0,522.0,905.0,961.0,199.0,179.0,203.0,0.82,0.46,1.42,0.4,4,1,634,158.0,634.0,0,0.0,0,0.0,0
Android,BOTTOM,android-WearVerifyRemoteApp,27,2146,35,12,3,13,1,2018-11-10T16:03:40Z,2,26.0,26.0,26.0,0.0,8.0,8.0,10.0,576.0,119.0,374.0,143.0,228.0,86.0,47.0,46.0,44.0,47.0,0.38,0.65,1.69,0.15,13,1,692,53.0,692.0,78,100.0,0,0.0,78
Android,BOTTOM,android-BasicMediaRouter,22,120,33,18,0,24,0,2018-11-10T13:43:33Z,9,61.0,43.0,61.0,0.0,3.0,6.0,52.0,1099.0,143.0,427.0,166.0,206.0,529.0,356.0,82.0,77.0,84.0,0.85,0.39,1.26,0.48,24,1,1525,63.0,1525.0,0,0.0,0,0.0,0
Android,BOTTOM,android-ElizaChat,25,699,31,21,1,27,0,2018-09-24T00:32:01Z,3,17.0,17.0,17.0,0.0,5.0,3.0,9.0,422.0,52.0,314.0,167.0,208.0,56.0,55.0,41.0,41.0,43.0,0.53,0.74,2.41,0.13,27,1,1474,54.0,1474.0,0,0.0,0,0.0,0
Android,BOTTOM,androidtv-VisualGameController,20,5994,31,21,1,2,0,2018-09-07T14:09:26Z,5,55.0,58.0,59.0,2.0,9.0,9.0,39.0,1388.0,134.0,855.0,315.0,494.0,399.0,240.0,128.0,128.0,136.0,0.66,0.62,2.17,0.29,2,2,1606,803.0,803.0,0,0.0,0,0.0,0
Android,BOTTOM,attendee-checkin,14,2393,30,10,0,2,0,2018-10-22T03:31:03Z,45,397.0,372.0,399.0,11.0,50.0,20.0,318.0,6476.0,800.0,4405.0,1724.0,2332.0,1298.0,1873.0,740.0,720.0,789.0,0.8,0.68,1.8,0.2,2,2,1291,645.0,645.0,0,0.0,0,0.0,0
Android,BOTTOM,android-BasicMultitouch,32,288,29,17,1,24,0,2018-11-12T05:27:24Z,9,64.0,45.0,64.0,0.0,4.0,3.0,57.0,1273.0,181.0,508.0,205.0,266.0,584.0,385.0,94.0,85.0,95.0,0.89,0.4,1.33,0.46,24,1,1525,63.0,1525.0,0,0.0,0,0.0,0
Android,BOTTOM,android-AppRestrictionEnforcer,30,302,28,24,3,25,0,2018-11-13T20:56:11Z,9,64.0,62.0,64.0,1.0,28.0,2.0,33.0,1126.0,116.0,728.0,297.0,370.0,282.0,382.0,119.0,117.0,120.0,0.52,0.65,1.83,0.25,25,1,1448,57.0,1448.0,50,25.0,150,75.0,200
Android,BOTTOM,android-Flashlight,32,231,28,21,0,27,0,2018-10-15T10:02:49Z,2,20.0,20.0,20.0,0.0,2.0,2.0,16.0,245.0,42.0,162.0,73.0,74.0,41.0,51.0,23.0,23.0,23.0,0.8,0.66,1.15,0.17,27,1,1474,54.0,1474.0,0,0.0,0,0.0,0
Android,BOTTOM,android-MidiScope,22,431,28,9,2,12,0,2018-10-18T02:07:20Z,28,166.0,156.0,166.0,4.0,14.0,2.0,146.0,2916.0,308.0,1732.0,677.0,935.0,909.0,1209.0,318.0,312.0,324.0,0.88,0.59,1.88,0.31,12,1,1158,96.0,1158.0,24,66.7,12,33.3,36
Android,BOTTOM,android-WearDrawers,24,1253,28,12,0,12,0,2018-11-05T16:33:50Z,2,23.0,23.0,23.0,0.0,1.0,1.0,21.0,355.0,74.0,231.0,111.0,112.0,56.0,59.0,29.0,26.0,29.0,0.91,0.65,1.13,0.16,12,1,901,75.0,901.0,0,0.0,36,100.0,36
Android,BOTTOM,android-ContentProviderPaging,10,3149,25,10,1,5,0,2018-11-06T08:52:59Z,6,30.0,28.0,30.0,5.0,5.0,1.0,19.0,648.0,95.0,394.0,193.0,198.0,160.0,169.0,55.0,54.0,55.0,0.63,0.61,1.8,0.25,5,1,594,118.0,594.0,0,0.0,0,0.0,0
Android,BOTTOM,android-RecipeAssistant,31,3306,25,18,0,27,0,2018-10-22T03:20:37Z,14,88.0,64.0,88.0,2.0,9.0,6.0,71.0,1421.0,175.0,789.0,353.0,391.0,457.0,551.0,135.0,130.0,135.0,0.81,0.56,1.48,0.32,27,1,1474,54.0,1474.0,0,0.0,0,0.0,0
Android,BOTTOM,androidtv-GameController,25,790,24,23,0,8,0,2018-02-12T13:54:38Z,12,173.0,149.0,173.0,0.0,31.0,11.0,131.0,3590.0,414.0,1922.0,659.0,1252.0,1261.0,739.0,331.0,326.0,350.0,0.76,0.54,1.88,0.35,8,2,1634,204.0,817.0,248,36.0,440,64.0,688
Android,BOTTOM,android-CommitContentSampleApp,14,217,22,14,3,7,1,2018-10-15T10:08:59Z,1,8.0,7.0,8.0,0.0,4.0,0.0,4.0,250.0,31.0,165.0,55.0,100.0,56.0,34.0,22.0,22.0,23.0,0.5,0.66,2.75,0.22,7,1,747,106.0,747.0,0,0.0,0,0.0,0
Android,BOTTOM,android-key-attestation,10,67,21,14,0,3,2,2018-11-12T07:21:37Z,1,8.0,0.0,8.0,1.0,5.0,0.0,2.0,514.0,42.0,336.0,116.0,251.0,140.0,42.0,32.0,31.0,36.0,0.25,0.65,3.88,0.27,3,1,690,230.0,690.0,0,0.0,0,0.0,0
Android,BOTTOM,android-AlwaysOn,25,222,20,11,1,22,0,2018-11-01T20:39:41Z,1,12.0,12.0,12.0,1.0,2.0,0.0,9.0,395.0,67.0,198.0,77.0,117.0,130.0,66.0,20.0,20.0,20.0,0.75,0.5,1.67,0.33,22,1,1264,57.0,1264.0,110,83.3,22,16.7,132
Android,BOTTOM,android-BasicImmersiveMode,17,467,18,17,1,24,0,2018-11-14T04:04:01Z,10,60.0,42.0,60.0,0.0,1.0,4.0,55.0,1010.0,125.0,422.0,175.0,205.0,463.0,468.0,78.0,73.0,78.0,0.92,0.42,1.22,0.46,24,1,1525,63.0,1525.0,0,0.0,0,0.0,0
Android,BOTTOM,android-WearComplicationProvidersTestSuite,13,1175,18,8,0,7,0,2018-07-28T04:57:50Z,8,10.0,8.0,10.0,2.0,0.0,0.0,8.0,690.0,53.0,465.0,157.0,327.0,173.0,339.0,37.0,22.0,37.0,0.8,0.67,2.2,0.25,7,1,537,76.0,537.0,0,0.0,0,0.0,0
Android,BOTTOM,androidtv-daydream,12,222,18,9,0,3,0,2018-03-12T09:02:35Z,13,47.0,47.0,47.0,0.0,4.0,1.0,42.0,843.0,144.0,470.0,249.0,225.0,232.0,606.0,63.0,63.0,64.0,0.89,0.56,1.34,0.28,3,3,1265,421.0,421.0,0,0.0,0,0.0,0
Android,BOTTOM,android-AppRestrictions,20,297,15,18,1,25,0,2018-11-06T09:06:40Z,4,14.0,11.0,14.0,0.0,2.0,2.0,10.0,537.0,67.0,310.0,125.0,185.0,160.0,145.0,44.0,44.0,46.0,0.71,0.58,3.14,0.3,25,1,1525,61.0,1525.0,0,0.0,0,0.0,0
Android,BOTTOM,android-ShareActionProvider,10,1559,13,10,2,5,0,2018-09-12T07:14:42Z,4,25.0,24.0,25.0,1.0,1.0,2.0,21.0,468.0,75.0,228.0,102.0,108.0,166.0,187.0,35.0,33.0,35.0,0.84,0.49,1.32,0.35,5,1,634,126.0,634.0,0,0.0,0,0.0,0
Android,BOTTOM,android-WclDemoSample,15,875,13,11,1,2,0,2018-06-27T15:56:10Z,14,112.0,106.0,112.0,1.0,24.0,19.0,68.0,2089.0,240.0,1423.0,557.0,794.0,433.0,535.0,211.0,179.0,216.0,0.61,0.68,1.6,0.21,2,2,1098,549.0,549.0,0,0.0,0,0.0,0
Android,BOTTOM,android-WearHighBandwidthNetworking,18,262,13,10,0,9,0,2018-11-07T22:35:03Z,1,18.0,18.0,18.0,1.0,6.0,1.0,10.0,347.0,60.0,234.0,66.0,157.0,53.0,23.0,34.0,29.0,34.0,0.56,0.67,1.61,0.15,9,1,692,76.0,692.0,0,0.0,0,0.0,0
Android,BOTTOM,android-WearStandaloneGoogleSignIn,11,90,13,19,2,3,0,2018-06-14T08:31:27Z,2,22.0,22.0,22.0,0.0,3.0,6.0,13.0,298.0,34.0,200.0,76.0,99.0,64.0,99.0,33.0,33.0,38.0,0.59,0.67,1.5,0.21,3,1,693,231.0,693.0,0,0.0,0,0.0,0
Android,BOTTOM,account-transfer-api,10,96,12,11,0,2,0,2018-10-15T10:37:34Z,7,31.0,28.0,31.0,2.0,7.0,3.0,19.0,616.0,69.0,421.0,215.0,215.0,126.0,177.0,51.0,49.0,51.0,0.61,0.68,1.58,0.2,2,1,452,226.0,452.0,0,0.0,4,100.0,4
Android,BOTTOM,android-RuntimePermissionsWear,18,288,12,9,1,21,0,2018-07-28T04:57:39Z,8,66.0,66.0,66.0,0.0,20.0,12.0,34.0,1556.0,288.0,956.0,347.0,578.0,312.0,222.0,142.0,142.0,146.0,0.52,0.61,2.15,0.2,21,3,1084,51.0,361.0,168,88.9,21,11.1,189
Android,BOTTOM,android-DocumentCentricRelinquishIdentity,11,134,10,14,0,23,0,2018-08-02T12:09:54Z,2,5.0,5.0,5.0,0.0,2.0,2.0,1.0,110.0,13.0,43.0,26.0,16.0,54.0,51.0,5.0,5.0,5.0,0.2,0.39,1.0,0.49,23,1,1480,64.0,1480.0,0,0.0,0,0.0,0
Android,BOTTOM,android-WifiRttScan,5,2180,10,18,1,1,0,2018-10-24T23:03:17Z,4,35.0,35.0,35.0,1.0,10.0,5.0,19.0,760.0,154.0,477.0,192.0,244.0,129.0,130.0,61.0,61.0,62.0,0.54,0.63,1.74,0.17,1,1,70,70.0,70.0,0,0.0,0,0.0,0
Android,BOTTOM,leanback-homescreen-channels,11,7367,9,11,0,11,0,2018-09-03T05:49:33Z,22,221.0,189.0,221.0,62.0,32.0,16.0,111.0,3388.0,391.0,2438.0,1037.0,1325.0,602.0,719.0,373.0,365.0,389.0,0.5,0.72,1.65,0.18,10,2,413,41.0,206.0,0,0.0,10,100.0,10
Android,BOTTOM,android-DelayedConfirmation,16,391,8,15,3,28,0,2018-07-09T14:08:24Z,3,30.0,30.0,30.0,0.0,6.0,4.0,20.0,391.0,47.0,278.0,107.0,140.0,66.0,57.0,46.0,46.0,46.0,0.67,0.71,1.53,0.17,28,1,1474,52.0,1474.0,0,0.0,56,100.0,56
Android,BOTTOM,android-TensorFlowCloudMachineLearningEngineStylizer,5,4115,6,11,0,2,0,2018-09-22T17:31:14Z,7,75.0,71.0,74.0,1.0,13.0,8.0,52.0,1548.0,218.0,929.0,355.0,545.0,402.0,371.0,136.0,132.0,145.0,0.7,0.6,1.78,0.26,2,2,440,220.0,220.0,0,0.0,0,0.0,0
Android,BOTTOM,android-WearOAuth,9,88,6,21,2,3,0,2018-09-13T00:16:41Z,1,14.0,14.0,14.0,0.0,6.0,1.0,7.0,246.0,30.0,171.0,69.0,97.0,49.0,29.0,24.0,24.0,24.0,0.5,0.7,1.71,0.2,3,2,696,232.0,348.0,0,0.0,0,0.0,0
Android,BOTTOM,chromeos-android-draganddrop-demo,2,153,3,9,0,11,0,2018-07-22T04:38:58Z,3,6.0,6.0,6.0,0.0,0.0,1.0,5.0,267.0,58.0,150.0,73.0,86.0,60.0,112.0,18.0,13.0,19.0,0.83,0.56,2.17,0.22,11,2,317,28.0,158.0,11,100.0,0,0.0,11
Android,BOTTOM,android-WearAccessibilityApp,5,785,2,15,2,5,0,2018-07-28T04:57:48Z,32,144.0,139.0,144.0,2.0,8.0,23.0,111.0,2915.0,426.0,1730.0,756.0,881.0,778.0,1554.0,181.0,177.0,182.0,0.77,0.59,1.23,0.27,5,1,322,64.0,322.0,0,0.0,0,0.0,0
Spring,TOP,gs-rest-service,1262,908,672,97,47,325,39,2018-11-14T22:21:00Z,4,7.0,6.0,7.0,0.0,0.0,0.0,7.0,105.0,21.0,69.0,46.0,14.0,15.0,50.0,7.0,7.0,7.0,1.0,0.66,1.0,0.14,298,17,2033,6.0,119.0,298,14.3,1788,85.7,2086
Spring,TOP,tut-spring-boot-oauth2,404,169,466,53,66,76,26,2018-11-19T11:05:03Z,16,57.0,45.0,54.0,0.0,5.0,6.0,43.0,970.0,122.0,578.0,403.0,128.0,276.0,429.0,58.0,58.0,58.0,0.8,0.6,1.07,0.28,76,12,1087,14.0,90.0,456,37.5,760,62.5,1216
Spring,TOP,gs-spring-boot,635,477,351,55,27,174,29,2018-11-14T20:21:18Z,6,9.0,6.0,8.0,0.0,0.0,0.0,8.0,157.0,38.0,119.0,85.0,23.0,1.0,3.0,11.0,11.0,11.0,1.0,0.76,1.38,0.01,169,14,1924,11.0,137.0,0,0.0,169,100.0,169
Spring,TOP,gs-spring-boot-docker,480,435,305,48,35,119,27,2018-11-14T06:48:21Z,3,4.0,2.0,4.0,0.0,0.0,0.0,4.0,83.0,15.0,53.0,42.0,6.0,16.0,57.0,4.0,4.0,4.0,1.0,0.64,1.0,0.19,117,15,1315,11.0,87.0,0,0.0,0,0.0,0
Spring,TOP,tut-rest,163,350,222,34,47,63,18,2018-11-11T04:59:01Z,37,82.0,58.0,62.0,49.0,0.0,0.0,13.0,977.0,230.0,711.0,431.0,210.0,36.0,64.0,87.0,87.0,87.0,0.21,0.73,1.4,0.04,61,9,1636,26.0,181.0,0,0.0,183,100.0,183
Spring,TOP,gs-messaging-stomp-websocket,240,5742,203,38,27,128,20,2018-11-09T08:11:00Z,6,20.0,19.0,20.0,0.0,0.0,0.0,20.0,225.0,51.0,174.0,96.0,52.0,2.0,8.0,24.0,24.0,24.0,1.0,0.77,1.2,0.01,123,14,1911,15.0,136.0,738,42.9,984,57.1,1722
Spring,TOP,gs-uploading-files,239,466,196,31,34,201,18,2018-11-18T06:28:15Z,16,61.0,54.0,56.0,13.0,0.0,0.0,43.0,645.0,137.0,482.0,278.0,142.0,29.0,108.0,62.0,62.0,64.0,0.77,0.75,1.11,0.04,194,13,2022,10.0,155.0,1746,47.4,1940,52.6,3686
Spring,TOP,getting-started-guides,93,381,141,39,54,95,21,2018-11-19T15:19:09Z,3,3.0,2.0,3.0,0.0,0.0,0.0,3.0,72.0,12.0,45.0,35.0,4.0,15.0,60.0,3.0,3.0,3.0,1.0,0.63,1.0,0.21,95,5,1834,19.0,366.0,0,0.0,0,0.0,0
Spring,TOP,gs-serving-web-content,289,367,140,40,12,164,14,2018-11-19T15:00:41Z,5,5.0,4.0,5.0,0.0,0.0,0.0,5.0,86.0,17.0,53.0,36.0,9.0,16.0,52.0,5.0,5.0,5.0,1.0,0.62,1.0,0.19,159,9,1938,12.0,215.0,0,0.0,0,0.0,0
Spring,TOP,gs-securing-web,199,667,112,33,19,217,18,2018-11-13T08:10:40Z,6,11.0,9.0,11.0,0.0,0.0,1.0,10.0,169.0,30.0,139.0,83.0,44.0,0.0,0.0,11.0,11.0,11.0,0.91,0.82,1.0,0.0,201,14,1996,9.0,142.0,2613,65.0,1407,35.0,4020
Spring,TOP,gs-accessing-data-jpa,162,385,95,36,12,186,21,2018-11-04T16:42:16Z,4,13.0,9.0,10.0,1.0,0.0,1.0,8.0,164.0,34.0,106.0,57.0,39.0,24.0,84.0,13.0,13.0,13.0,0.8,0.65,1.3,0.15,177,14,1944,10.0,138.0,1239,50.0,1239,50.0,2478
Spring,TOP,gs-maven,281,141,86,38,10,131,15,2018-11-16T05:21:05Z,5,5.0,3.0,5.0,0.0,0.0,0.0,5.0,51.0,11.0,40.0,24.0,10.0,0.0,0.0,5.0,5.0,5.0,1.0,0.78,1.0,0.0,124,12,2026,16.0,168.0,0,0.0,0,0.0,0
Spring,TOP,gs-messaging-rabbitmq,105,416,82,31,8,177,9,2018-11-07T02:24:25Z,5,12.0,10.0,12.0,5.0,0.0,0.0,7.0,162.0,36.0,111.0,75.0,24.0,15.0,62.0,12.0,12.0,12.0,0.58,0.69,1.0,0.09,175,11,2014,11.0,183.0,525,42.9,700,57.1,1225
Spring,TOP,gs-gradle,199,340,77,33,9,133,15,2018-11-10T00:05:15Z,5,8.0,6.0,8.0,0.0,1.0,0.0,7.0,75.0,17.0,58.0,34.0,16.0,0.0,0.0,8.0,8.0,8.0,0.88,0.77,1.0,0.0,126,11,2026,16.0,184.0,0,0.0,0,0.0,0
Spring,TOP,gs-accessing-data-rest,126,373,73,26,13,97,6,2018-11-11T11:50:07Z,4,14.0,13.0,14.0,1.0,0.0,0.0,13.0,201.0,48.0,138.0,80.0,53.0,15.0,16.0,13.0,13.0,13.0,0.93,0.69,0.93,0.07,96,6,1715,17.0,285.0,288,75.0,96,25.0,384
Spring,TOP,gs-multi-module,47,203,71,28,8,34,3,2018-11-11T13:56:00Z,5,9.0,8.0,9.0,0.0,0.0,0.0,9.0,119.0,30.0,86.0,62.0,9.0,3.0,25.0,9.0,9.0,9.0,1.0,0.72,1.0,0.03,34,4,649,19.0,162.0,34,50.0,34,50.0,68
Spring,TOP,gs-batch-processing,165,448,70,29,12,192,15,2018-11-11T10:43:53Z,5,18.0,15.0,16.0,0.0,0.0,0.0,16.0,195.0,39.0,152.0,85.0,50.0,4.0,6.0,19.0,19.0,19.0,1.0,0.78,1.19,0.02,182,11,1999,10.0,181.0,3458,55.9,2730,44.1,6188
Spring,TOP,gs-consuming-rest,149,440,62,25,13,194,15,2018-11-05T01:47:38Z,4,17.0,15.0,16.0,0.0,0.0,0.0,16.0,148.0,31.0,102.0,60.0,25.0,16.0,87.0,17.0,17.0,17.0,1.0,0.69,1.06,0.11,183,14,2028,11.0,144.0,366,11.8,2745,88.2,3111
Spring,TOP,gs-accessing-data-mongodb,89,383,58,28,12,178,10,2018-09-17T15:49:11Z,4,11.0,10.0,11.0,0.0,0.0,0.0,11.0,164.0,47.0,99.0,57.0,32.0,18.0,47.0,11.0,11.0,11.0,1.0,0.6,1.0,0.11,169,10,1943,11.0,194.0,0,0.0,169,100.0,169
Spring,TOP,gs-producing-web-service,105,393,58,24,7,116,8,2018-09-26T15:10:24Z,5,10.0,9.0,10.0,0.0,0.0,0.0,10.0,187.0,33.0,139.0,89.0,47.0,19.0,58.0,10.0,10.0,10.0,1.0,0.74,1.0,0.1,113,8,1834,16.0,229.0,452,80.0,113,20.0,565
Spring,TOP,gs-scheduling-tasks,92,412,56,26,4,206,9,2018-11-15T19:30:21Z,3,3.0,2.0,3.0,0.0,0.0,0.0,3.0,76.0,16.0,44.0,35.0,5.0,16.0,94.0,3.0,3.0,3.0,1.0,0.58,1.0,0.21,198,11,2028,10.0,184.0,792,40.0,1188,60.0,1980
Spring,TOP,gs-consuming-web-service,83,327,54,21,28,109,6,2018-11-13T17:24:41Z,3,6.0,4.0,5.0,1.0,0.0,0.0,4.0,92.0,26.0,64.0,38.0,25.0,5.0,24.0,7.0,7.0,7.0,0.8,0.7,1.4,0.05,108,8,1721,15.0,215.0,216,66.7,108,33.3,324
Spring,TOP,gs-service-registration-and-discovery,85,463,53,21,8,192,4,2018-11-14T20:21:43Z,4,7.0,3.0,7.0,0.0,0.0,0.0,7.0,148.0,29.0,115.0,91.0,14.0,6.0,14.0,7.0,7.0,7.0,1.0,0.78,1.0,0.04,179,9,2026,11.0,225.0,179,50.0,179,50.0,358
Spring,TOP,gs-validating-form-input,79,1382,51,26,9,188,15,2018-09-17T15:52:04Z,4,14.0,13.0,14.0,0.0,0.0,0.0,14.0,169.0,36.0,118.0,75.0,34.0,15.0,27.0,15.0,15.0,15.0,1.0,0.7,1.07,0.09,185,13,2009,10.0,154.0,740,40.0,1110,60.0,1850
Spring,TOP,gs-rest-service-cors,71,497,47,22,10,118,9,2018-10-15T01:36:09Z,4,12.0,11.0,12.0,0.0,1.0,0.0,11.0,132.0,27.0,105.0,64.0,33.0,6.0,20.0,12.0,12.0,12.0,0.92,0.8,1.0,0.05,115,9,1809,15.0,201.0,230,40.0,345,60.0,575
Spring,TOP,gs-async-method,47,379,44,20,6,158,7,2018-11-13T10:26:58Z,4,11.0,10.0,11.0,0.0,0.0,0.0,11.0,139.0,36.0,97.0,60.0,31.0,7.0,27.0,11.0,11.0,11.0,1.0,0.7,1.0,0.05,154,9,1937,12.0,215.0,462,60.0,308,40.0,770
Spring,TOP,gs-crud-with-vaadin,76,238,44,21,8,73,10,2018-11-18T03:21:29Z,11,58.0,45.0,47.0,6.0,5.0,2.0,34.0,643.0,153.0,449.0,225.0,178.0,41.0,72.0,62.0,62.0,63.0,0.72,0.7,1.32,0.06,61,7,1210,19.0,172.0,183,37.5,305,62.5,488
Spring,TOP,gs-messaging-redis,51,432,44,24,4,181,7,2018-11-07T02:24:16Z,2,8.0,7.0,8.0,5.0,0.0,0.0,3.0,90.0,23.0,67.0,43.0,20.0,0.0,0.0,8.0,8.0,8.0,0.38,0.74,1.0,0.0,176,10,2014,11.0,201.0,176,50.0,176,50.0,352
Spring,BOTTOM,gs-messaging-jms,87,437,40,26,7,185,15,2018-10-28T15:58:55Z,3,11.0,10.0,11.0,0.0,0.0,0.0,11.0,103.0,24.0,75.0,46.0,19.0,5.0,13.0,11.0,11.0,11.0,1.0,0.73,1.0,0.05,177,12,2026,11.0,168.0,708,40.0,1062,60.0,1770
Spring,BOTTOM,gs-rest-hateoas,53,400,39,22,3,187,13,2018-09-17T15:51:20Z,5,6.0,5.0,6.0,0.0,0.0,0.0,6.0,147.0,30.0,87.0,68.0,12.0,31.0,138.0,6.0,6.0,6.0,1.0,0.59,1.0,0.21,180,11,1991,11.0,181.0,0,0.0,0,0.0,0
Spring,BOTTOM,gs-authenticating-ldap,68,486,38,25,14,196,13,2018-11-16T18:19:06Z,5,7.0,6.0,7.0,0.0,0.0,1.0,6.0,135.0,23.0,93.0,57.0,28.0,20.0,59.0,7.0,7.0,7.0,0.86,0.69,1.0,0.15,194,15,2021,10.0,134.0,970,55.6,776,44.4,1746
Spring,BOTTOM,gs-relational-data-access,83,398,37,25,4,184,14,2018-11-14T13:54:08Z,2,8.0,3.0,4.0,0.0,0.0,0.0,4.0,75.0,18.0,53.0,28.0,22.0,4.0,14.0,8.0,8.0,8.0,1.0,0.71,2.0,0.05,173,9,2026,11.0,225.0,173,50.0,173,50.0,346
Spring,BOTTOM,gs-accessing-mongodb-data-rest,64,270,35,25,4,91,7,2018-10-23T02:41:59Z,4,14.0,13.0,14.0,1.0,0.0,0.0,13.0,198.0,50.0,133.0,75.0,53.0,15.0,16.0,13.0,13.0,13.0,0.93,0.67,0.93,0.08,91,8,1712,18.0,214.0,0,0.0,0,0.0,0
Spring,BOTTOM,gs-accessing-data-mysql,88,296,33,21,12,108,5,2018-11-19T15:19:06Z,4,9.0,8.0,9.0,0.0,0.0,0.0,9.0,106.0,27.0,73.0,48.0,13.0,11.0,72.0,9.0,9.0,9.0,1.0,0.69,1.0,0.1,108,7,1834,16.0,262.0,0,0.0,0,0.0,0
Spring,BOTTOM,gs-actuator-service,75,405,32,25,6,194,13,2018-09-17T15:49:36Z,5,8.0,6.0,8.0,0.0,0.0,0.0,8.0,140.0,32.0,88.0,66.0,15.0,22.0,56.0,8.0,8.0,8.0,1.0,0.63,1.0,0.16,185,13,2006,10.0,154.0,0,0.0,185,100.0,185
Spring,BOTTOM,gs-testing-web,28,158,30,18,2,44,5,2018-11-18T08:28:36Z,9,10.0,9.0,10.0,0.0,0.0,0.0,10.0,205.0,44.0,159.0,125.0,15.0,3.0,13.0,10.0,10.0,10.0,1.0,0.78,1.0,0.01,43,6,801,18.0,133.0,0,0.0,0,0.0,0
Spring,BOTTOM,gs-caching,40,293,25,21,1,97,4,2018-11-14T05:42:15Z,10,24.0,22.0,24.0,2.0,2.0,0.0,20.0,217.0,56.0,159.0,84.0,45.0,2.0,11.0,24.0,24.0,24.0,0.83,0.73,1.0,0.01,95,7,1834,19.0,262.0,380,50.0,380,50.0,760
Spring,BOTTOM,gs-centralized-configuration,55,460,24,24,8,204,3,2018-11-13T18:14:34Z,4,5.0,3.0,5.0,1.0,0.0,0.0,4.0,137.0,25.0,82.0,61.0,11.0,30.0,133.0,5.0,5.0,5.0,0.8,0.6,1.0,0.22,191,10,2026,10.0,202.0,191,50.0,191,50.0,382
Spring,BOTTOM,gs-circuit-breaker,42,340,19,21,6,109,5,2018-11-13T18:14:37Z,6,15.0,13.0,15.0,0.0,0.0,0.0,15.0,205.0,43.0,162.0,119.0,26.0,4.0,12.0,15.0,15.0,15.0,1.0,0.79,1.0,0.02,102,8,1834,17.0,229.0,0,0.0,306,100.0,306
Spring,BOTTOM,gs-client-side-load-balancing,23,384,19,24,4,108,2,2018-11-13T18:14:39Z,5,16.0,14.0,16.0,1.0,1.0,0.0,14.0,256.0,51.0,187.0,134.0,44.0,24.0,63.0,16.0,16.0,16.0,0.88,0.73,1.0,0.09,104,7,1834,17.0,262.0,0,0.0,0,0.0,0
Spring,BOTTOM,gs-handling-form-submission,40,500,17,18,5,145,6,2018-11-16T16:26:48Z,7,9.0,8.0,9.0,0.0,0.0,0.0,9.0,113.0,24.0,74.0,48.0,13.0,15.0,50.0,9.0,9.0,9.0,1.0,0.65,1.0,0.13,143,7,1937,13.0,276.0,143,50.0,143,50.0,286
Spring,BOTTOM,gs-reactive-rest-service,11,343,16,17,5,116,2,2018-11-13T15:08:12Z,5,6.0,4.0,5.0,0.0,0.0,0.0,5.0,107.0,23.0,79.0,54.0,19.0,6.0,29.0,6.0,6.0,6.0,1.0,0.74,1.2,0.06,114,8,1834,16.0,229.0,228,50.0,228,50.0,456
Spring,BOTTOM,gs-managing-transactions,30,394,15,22,2,158,6,2018-09-17T15:50:42Z,3,7.0,5.0,6.0,0.0,0.0,0.0,6.0,107.0,23.0,84.0,34.0,38.0,0.0,0.0,12.0,12.0,12.0,1.0,0.79,2.0,0.0,155,9,1943,12.0,215.0,0,0.0,155,100.0,155
Spring,BOTTOM,gs-accessing-data-neo4j,26,425,13,22,11,197,14,2018-10-26T09:41:14Z,3,12.0,8.0,9.0,2.0,1.0,0.0,6.0,133.0,36.0,89.0,48.0,35.0,8.0,20.0,12.0,12.0,12.0,0.67,0.67,1.33,0.06,190,14,2013,10.0,143.0,760,50.0,760,50.0,1520
Spring,BOTTOM,gs-accessing-neo4j-data-rest,20,319,7,19,6,111,7,2018-09-17T15:49:28Z,4,14.0,13.0,14.0,1.0,0.0,0.0,13.0,207.0,50.0,142.0,84.0,53.0,15.0,15.0,13.0,13.0,13.0,0.93,0.69,0.93,0.07,107,7,1712,16.0,244.0,214,66.7,107,33.3,321
Spring,BOTTOM,gs-accessing-data-gemfire,13,387,5,22,3,193,6,2018-09-17T15:58:33Z,3,14.0,7.0,8.0,5.0,0.0,0.0,3.0,119.0,35.0,84.0,53.0,27.0,0.0,0.0,10.0,10.0,10.0,0.38,0.71,1.25,0.0,189,10,1960,10.0,196.0,1323,53.8,1134,46.2,2457
Spring,BOTTOM,gs-integration,26,424,5,22,4,174,14,2018-11-05T15:11:46Z,2,2.0,1.0,2.0,0.0,0.0,0.0,2.0,68.0,13.0,55.0,38.0,18.0,4.0,10.0,2.0,2.0,2.0,1.0,0.81,1.0,0.06,167,11,1959,11.0,178.0,0,0.0,501,100.0,501
Spring,BOTTOM,quoters,2,114,5,17,0,6,0,2018-05-25T19:28:15Z,6,12.0,8.0,9.0,3.0,1.0,0.0,5.0,243.0,40.0,113.0,59.0,41.0,90.0,346.0,12.0,12.0,12.0,0.56,0.47,1.33,0.37,6,2,1539,256.0,769.0,0,0.0,0,0.0,0
Spring,BOTTOM,gs-caching-gemfire,18,421,4,21,0,175,6,2018-09-17T15:49:52Z,4,14.0,12.0,13.0,1.0,1.0,3.0,8.0,192.0,47.0,129.0,80.0,42.0,18.0,43.0,16.0,16.0,16.0,0.62,0.67,1.23,0.09,173,10,1951,11.0,195.0,1903,78.6,519,21.4,2422
Spring,BOTTOM,gs-accessing-gemfire-data-rest,7,280,3,19,1,99,3,2018-09-17T15:49:22Z,4,11.0,10.0,11.0,1.0,0.0,0.0,10.0,206.0,50.0,141.0,95.0,45.0,15.0,16.0,10.0,10.0,10.0,0.91,0.68,0.91,0.07,98,5,1706,17.0,341.0,490,71.4,196,28.6,686
Spring,BOTTOM,gs-gateway,4,343,3,17,2,105,0,2018-11-13T18:14:45Z,3,13.0,5.0,7.0,0.0,0.0,0.0,7.0,136.0,22.0,102.0,51.0,42.0,14.0,30.0,13.0,13.0,13.0,1.0,0.75,1.86,0.1,104,5,1834,17.0,366.0,0,0.0,0,0.0,0
Spring,BOTTOM,gs-testing-restdocs,10,169,2,19,0,19,2,2018-09-17T15:51:54Z,4,4.0,3.0,4.0,0.0,0.0,0.0,4.0,78.0,18.0,60.0,47.0,5.0,0.0,0.0,4.0,4.0,4.0,1.0,0.77,1.0,0.0,19,3,601,31.0,200.0,0,0.0,0,0.0,0
Spring,BOTTOM,gs-messaging-gcp-pubsub,9,343,1,21,6,105,8,2018-09-17T15:50:45Z,2,8.0,6.0,7.0,1.0,0.0,0.0,6.0,109.0,19.0,76.0,55.0,15.0,14.0,32.0,7.0,7.0,7.0,0.86,0.7,1.0,0.13,105,8,1834,17.0,229.0,210,50.0,210,50.0,420
Spring,BOTTOM,gs-accessing-vault,3,291,0,16,0,99,3,2018-11-13T18:14:31Z,2,8.0,7.0,8.0,0.0,0.0,0.0,8.0,150.0,35.0,95.0,54.0,37.0,20.0,42.0,9.0,9.0,9.0,1.0,0.63,1.13,0.13,98,5,1834,18.0,366.0,0,0.0,98,100.0,98
Spring,BOTTOM,gs-contract-rest,4,364,0,16,4,112,1,2018-11-13T18:14:43Z,15,49.0,45.0,49.0,8.0,0.0,0.0,41.0,449.0,112.0,331.0,194.0,79.0,10.0,36.0,49.0,49.0,49.0,0.84,0.74,1.0,0.02,110,6,1834,16.0,305.0,0,0.0,0,0.0,0
Spring,BOTTOM,gs-spring-boot-for-azure,0,356,0,16,0,100,0,2018-09-17T15:51:50Z,3,3.0,2.0,3.0,0.0,0.0,0.0,3.0,72.0,12.0,45.0,35.0,4.0,15.0,60.0,3.0,3.0,3.0,1.0,0.63,1.0,0.21,100,6,1834,18.0,305.0,0,0.0,0,0.0,0
Spring,BOTTOM,gs-vault-config,3,342,0,16,1,99,3,2018-11-13T18:14:51Z,3,8.0,7.0,8.0,0.0,0.0,0.0,8.0,107.0,22.0,64.0,40.0,14.0,21.0,16.0,8.0,8.0,8.0,1.0,0.6,1.0,0.2,96,6,1834,19.0,305.0,0,0.0,192,100.0,192
